科目番号,科目名,,単位数,,,,,,,,,,,,,,,
01DR002,プロジェクト演習2,,3.0,,,,,,,,,,,,,,,
01DR005,プロジェクト演習2A,,3.0,,,,,,,,,,,,,,,
01DR006,プロジェクト演習2B,,3.0,,,,,,,,,,,,,,,
01DR061,リサーチ・プログラム開発1,,2.0,,,,,,,,,,,,,,,
01DR062,リサーチ・プログラム開発2,,2.0,,,,,,,,,,,,,,,
01DR063,リサーチ・プログラム開発3,,2.0,,,,,,,,,,,,,,,
01DR064,リサーチ・プログラム開発4,,2.0,,,,,,,,,,,,,,,
01DR120,日本社会と計量分析1A,,1.0,,,,,,,,,,,,,,,
01DR123,日本社会と計量分析演習1B,,1.0,,,,,,,,,,,,,,,
01DR205,グローバル経済と日本(金融と日本社会)1A,,1.0,,,,,,,,,,,,,,,
01DR241,グローバル社会と日本(法と現代社会)1A,,1.0,,,,,,,,,,,,,,,
01DR242,グローバル社会と日本(法と現代社会)1B,,1.0,,,,,,,,,,,,,,,
01DR243,グローバル社会と日本(法と現代社会)2A,,1.0,,,,,,,,,,,,,,,
01DR244,グローバル社会と日本(法と現代社会)2B,,1.0,,,,,,,,,,,,,,,
01DR262,グローバル経済と日本(日本経済発展論)1,,1.0,,,,,,,,,,,,,,,
01DR305,韓国の家1,,1.0,,,,,,,,,,,,,,,
01DR318,日本社会と外交2B,,1.0,,,,,,,,,,,,,,,
01DR350,日本古典文化と身体1,,1.0,,,,,,,,,,,,,,,
01DR383,ソフト・パワーのメディア文化政策1,,1.0,,,,,,,,,,,,,,,
01DR384,比較広告・宣伝論1,,1.0,,,,,,,,,,,,,,,
01DR388,アジアのCMC 1,,1.0,,,,,,,,,,,,,,,
01DR390,インターネットと市民社会1,,1.0,,,,,,,,,,,,,,,
01DR431,研究方法と研究倫理,,1.0,,,,,,,,,,,,,,,
01DR490,グローバル共生の政治と市民社会1A,,1.0,,,,,,,,,,,,,,,
01DR491,グローバル共生の政治と市民社会1B,,1.0,,,,,,,,,,,,,,,
01DR549,朝鮮半島の思想と文化1A,,1.0,,,,,,,,,,,,,,,
01DR583,比較文学論2A,,1.0,,,,,,,,,,,,,,,
01DR593,日本文化研究1A,,1.0,,,,,,,,,,,,,,,
01DR595,日本文化研究2A,,1.0,,,,,,,,,,,,,,,
01DR654,比較メディア思想A,,1.0,,,,,,,,,,,,,,,
01EH271,体育測定評価学演習II,,3.0,,,,,,,,,,,,,,,
01KA051,経営基礎,,1.0,,,,,,,,,,,,,,,
01KA052,会計基礎,,1.0,,,,,,,,,,,,,,,
01KA053,ビジネス数理,,1.0,,,,,,,,,,,,,,,
01KA054,ビジネスと情報,,1.0,,,,,,,,,,,,,,,
01KA055,プログラミング基礎,,1.0,,,,,,,,,,,,,,,
01KA101,トップレクチャーI,,1.0,,,,,,,,,,,,,,,
01KA102,トップレクチャーII,,1.0,,,,,,,,,,,,,,,
01KA103,ビジネスゲーム,,1.0,,,,,,,,,,,,,,,
01KA109,マーケティングサイエンス,,1.0,,,,,,,,,,,,,,,
01KA196,時系列分析,,1.0,,,,,,,,,,,,,,,
01KA242,経営システム科学研究・春II,,1.5,,,,,,,,,,,,,,,
01KA243,経営システム科学研究・秋I,,1.5,,,,,,,,,,,,,,,
01KA244,経営システム科学研究・秋II,,1.5,,,,,,,,,,,,,,,
01KA245,経営システム科学特別研究・春I,,1.5,,,,,,,,,,,,,,,
01KA246,経営システム科学特別研究・春II,,1.5,,,,,,,,,,,,,,,
01KA247,経営システム科学特別研究・秋I,,1.5,,,,,,,,,,,,,,,
01KA248,経営システム科学特別研究・秋II,,1.5,,,,,,,,,,,,,,,
01KA355,経営システム科学輪講I,,1.0,,,,,,,,,,,,,,,
01KA356,経営システム科学輪講II,,1.0,,,,,,,,,,,,,,,
01KA357,経営システム科学輪講III,,1.0,,,,,,,,,,,,,,,
01KA358,経営システム科学輪講IV,,1.0,,,,,,,,,,,,,,,
01KA420,消費者行動,,1.0,,,,,,,,,,,,,,,
01KA421,現代マーケティング論,,1.0,,,,,,,,,,,,,,,
01KA422,マーケティングリサーチ,,1.0,,,,,,,,,,,,,,,
01KA423,経営戦略論,,1.0,,,,,,,,,,,,,,,
01KA424,経営組織論,,1.0,,,,,,,,,,,,,,,
01KA425,インベストメントサイエンス,,1.0,,,,,,,,,,,,,,,
01KA426,ファイナンス工学,,1.0,,,,,,,,,,,,,,,
01KA427,財務会計,,1.0,,,,,,,,,,,,,,,
01KA428,技術経営論,,1.0,,,,,,,,,,,,,,,
01KA429,最適化モデル,,1.0,,,,,,,,,,,,,,,
01KA430,ロジスティクスとサプライチェーン,,1.0,,,,,,,,,,,,,,,
01KA431,データ解析,,1.0,,,,,,,,,,,,,,,
01KA432,多変量解析,,1.0,,,,,,,,,,,,,,,
01KA433,計量経済学,,1.0,,,,,,,,,,,,,,,
01KA434,統計モデル,,1.0,,,,,,,,,,,,,,,
01KA435,人工知能とビジネス情報分析,,1.0,,,,,,,,,,,,,,,
01KA438,テキストマイニング,,1.0,,,,,,,,,,,,,,,
01KA439,社会シミュレーション,,1.0,,,,,,,,,,,,,,,
01KA440,会計情報分析,,1.0,,,,,,,,,,,,,,,
01KA442,応用統計,,1.0,,,,,,,,,,,,,,,
01KA443,オペレーションズ・リサーチ,,1.0,,,,,,,,,,,,,,,
01KA447,コーポレートファイナンス,,1.0,,,,,,,,,,,,,,,
01KA448,計算社会科学,,1.0,,,,,,,,,,,,,,,
01KA452,組織行動論,,1.0,,,,,,,,,,,,,,,
01KA453,キャリア開発論,,1.0,,,,,,,,,,,,,,,
01KA505,マーケティング,,1.0,,,,,,,,,,,,,,,
01KA506,組織変革,,1.0,,,,,,,,,,,,,,,
01LA001,法文献学,,1.0,,,,,,,,,,,,,,,
01LA005,ビジネス法入門,,1.0,,,,,,,,,,,,,,,
01LA009,法と経済学,,1.0,,,,,,,,,,,,,,,
01LA011,企業法学特別研究I,,1.0,,,,,,,,,,,,,,,
01LA012,企業法学特別研究II,,1.0,,,,,,,,,,,,,,,
01LA013,企業法学特別研究III,,1.0,,,,,,,,,,,,,,,
01LA014,企業法学特別研究IV,,1.0,,,,,,,,,,,,,,,
01LA015,企業法学特別研究V,,1.0,,,,,,,,,,,,,,,
01LA016,企業法学特別研究VI,,1.0,,,,,,,,,,,,,,,
01LA101,現代民法の基礎,,1.0,,,,,,,,,,,,,,,
01LA103,現代商法の基礎,,1.0,,,,,,,,,,,,,,,
01LA104,損害賠償法,,1.0,,,,,,,,,,,,,,,
01LA129,相続法,,1.0,,,,,,,,,,,,,,,
01LA132,社会保障法演習,,1.0,,,,,,,,,,,,,,,
01LA135,租税法演習,,1.0,,,,,,,,,,,,,,,
01LA136,金融商品取引法演習,,1.0,,,,,,,,,,,,,,,
01LA137,独占禁止法演習,,1.0,,,,,,,,,,,,,,,
01LA140,国際私法演習,,1.0,,,,,,,,,,,,,,,
01LA141,労働法演習I,,1.0,,,,,,,,,,,,,,,
01LA143,知的財産法演習,,1.0,,,,,,,,,,,,,,,
01LA151,民事手続法演習I,,1.0,,,,,,,,,,,,,,,
01LA155,租税計画演習,,1.0,,,,,,,,,,,,,,,
01LA157,憲法,,1.0,,,,,,,,,,,,,,,
01LA158,行政法,,1.0,,,,,,,,,,,,,,,
01LA160,コーポレートガバナンス演習,,1.0,,,,,,,,,,,,,,,
01LA162,民法演習
